CREATE DATABASE student_management_system;
USE student_management_system;

---------Students-------------------
CREATE TABLE Students (
    StudentID INT PRIMARY KEY,
    FirstName VARCHAR(50),
    LastName VARCHAR(50),
    DateOfBirth DATE,
    Gender VARCHAR(10),
    ContactNumber VARCHAR(15)
);
DESC Students;

-----------courses------------------
CREATE TABLE Courses (
    CourseID INT PRIMARY KEY,
    CourseName VARCHAR(100),
    Credits INT
);
DESC Courses;
--------Instructors----------------------
CREATE TABLE Instructors (
    InstructorID INT PRIMARY KEY,
    FirstName VARCHAR(50),
    LastName VARCHAR(50),
    ContactNumber VARCHAR(15),
    Department VARCHAR(50)
);
DESC Instructors;

----------Enrollements-----------------
CREATE TABLE Enrollments (
    EnrollmentID INT PRIMARY KEY,
    StudentID INT,
    CourseID INT,
    EnrollmentDate DATE,
    Grade VARCHAR(2),
    FOREIGN KEY (StudentID) REFERENCES Students(StudentID),
    FOREIGN KEY (CourseID) REFERENCES Courses(CourseID)
);
DESC Enrollments;

-----------Classes------------------
CREATE TABLE Classes (
    ClassID INT PRIMARY KEY,
    CourseID INT,
    InstructorID INT,
    Schedule VARCHAR(100),
    RoomNumber VARCHAR(10),
    FOREIGN KEY (CourseID) REFERENCES Courses(CourseID),
    FOREIGN KEY (InstructorID) REFERENCES Instructors(InstructorID)
);
DESC Classes;

-------------Assignments----------------
CREATE TABLE Assignments (
    AssignmentID INT PRIMARY KEY,
    ClassID INT,
    Title VARCHAR(100),
    Description TEXT,
    DueDate DATE,
    FOREIGN KEY (ClassID) REFERENCES Classes(ClassID)
);
DESC Assignments;

------------------------------STUDENT_MANAGEMEMT_SYSTEM(INSERT OF 100 RECORDS)--------------------------------------------
--------------------------#Students-----------------------------------------------------------------------------
-- Insert 100 records into the Students table
INSERT INTO Students (StudentID, FirstName, LastName, DateOfBirth, Gender, ContactNumber) VALUES
(1, 'John', 'Doe', '2000-01-01', 'M', '1234567890'),
(2, 'Jane', 'Smith', '2001-02-02', 'F', '0987654321'),
(3, 'Alice', 'Johnson', '2000-03-03', 'F', '2345678901'),
(4, 'Bob', 'Brown', '1999-04-04', 'M', '3456789012'),
(5, 'Charlie', 'Davis', '2002-05-05', 'M', '4567890123'),
(6, 'Emily', 'Wilson', '2001-06-06', 'F', '5678901234'),
(7, 'Frank', 'Moore', '2000-07-07', 'M', '6789012345'),
(8, 'Grace', 'Taylor', '2002-08-08', 'F', '7890123456'),
(9, 'Henry', 'Anderson', '1999-09-09', 'M', '8901234567'),
(10, 'Ivy', 'Thomas', '2001-10-10', 'F', '9012345678'),
(11, 'John', 'Doe', '2000-01-01', 'M', '1234567890'),
(12, 'Jane', 'Smith', '2001-02-02', 'F', '0987654321'),
(13, 'Alice', 'Johnson', '2000-03-03', 'F', '2345678901'),
(14, 'Bob', 'Brown', '1999-04-04', 'M', '3456789012'),
(15, 'Charlie', 'Davis', '2002-05-05', 'M', '4567890123'),
(16, 'Emily', 'Wilson', '2001-06-06', 'F', '5678901234'),
(17, 'Frank', 'Moore', '2000-07-07', 'M', '6789012345'),
(18, 'Grace', 'Taylor', '2002-08-08', 'F', '7890123456'),
(19, 'Henry', 'Anderson', '1999-09-09', 'M', '8901234567'),
(20, 'Ivy', 'Thomas', '2001-10-10', 'F', '9012345678'),
(21, 'John', 'Doe', '2000-01-01', 'M', '1234567890'),
(22, 'Jane', 'Smith', '2001-02-02', 'F', '0987654321'),
(23, 'Alice', 'Johnson', '2000-03-03', 'F', '2345678901'),
(24, 'Bob', 'Brown', '1999-04-04', 'M', '3456789012'),
(25, 'Charlie', 'Davis', '2002-05-05', 'M', '4567890123'),
(26, 'Emily', 'Wilson', '2001-06-06', 'F', '5678901234'),
(27, 'Frank', 'Moore', '2000-07-07', 'M', '6789012345'),
(28, 'Grace', 'Taylor', '2002-08-08', 'F', '7890123456'),
(29, 'Henry', 'Anderson', '1999-09-09', 'M', '8901234567'),
(30, 'Ivy', 'Thomas', '2001-10-10', 'F', '9012345678'),
(31, 'John', 'Doe', '2000-01-01', 'M', '1234567890'),
(32, 'Jane', 'Smith', '2001-02-02', 'F', '0987654321'),
(33, 'Alice', 'Johnson', '2000-03-03', 'F', '2345678901'),
(34, 'Bob', 'Brown', '1999-04-04', 'M', '3456789012'),
(35, 'Charlie', 'Davis', '2002-05-05', 'M', '4567890123'),
(36, 'Emily', 'Wilson', '2001-06-06', 'F', '5678901234'),
(37, 'Frank', 'Moore', '2000-07-07', 'M', '6789012345'),
(38, 'Grace', 'Taylor', '2002-08-08', 'F', '7890123456'),
(39, 'Henry', 'Anderson', '1999-09-09', 'M', '8901234567'),
(40, 'Ivy', 'Thomas', '2001-10-10', 'F', '9012345678'),
(41, 'John', 'Doe', '2000-01-01', 'M', '1234567890'),
(42, 'Jane', 'Smith', '2001-02-02', 'F', '0987654321'),
(43, 'Alice', 'Johnson', '2000-03-03', 'F', '2345678901'),
(44, 'Bob', 'Brown', '1999-04-04', 'M', '3456789012'),
(45, 'Charlie', 'Davis', '2002-05-05', 'M', '4567890123'),
(46, 'Emily', 'Wilson', '2001-06-06', 'F', '5678901234'),
(47, 'Frank', 'Moore', '2000-07-07', 'M', '6789012345'),
(48, 'Grace', 'Taylor', '2002-08-08', 'F', '7890123456'),
(49, 'Henry', 'Anderson', '1999-09-09', 'M', '8901234567'),
(50, 'Ivy', 'Thomas', '2001-10-10', 'F', '9012345678'),
(51, 'John', 'Doe', '2000-01-01', 'M', '1234567890'),
(52, 'Jane', 'Smith', '2001-02-02', 'F', '0987654321'),
(53, 'Alice', 'Johnson', '2000-03-03', 'F', '2345678901'),
(54, 'Bob', 'Brown', '1999-04-04', 'M', '3456789012'),
(55, 'Charlie', 'Davis', '2002-05-05', 'M', '4567890123'),
(56, 'Emily', 'Wilson', '2001-06-06', 'F', '5678901234'),
(57, 'Frank', 'Moore', '2000-07-07', 'M', '6789012345'),
(58, 'Grace', 'Taylor', '2002-08-08', 'F', '7890123456'),
(59, 'Henry', 'Anderson', '1999-09-09', 'M', '8901234567'),
(60, 'Ivy', 'Thomas', '2001-10-10', 'F', '9012345678'),
(61, 'John', 'Doe', '2000-01-01', 'M', '1234567890'),
(62, 'Jane', 'Smith', '2001-02-02', 'F', '0987654321'),
(63, 'Alice', 'Johnson', '2000-03-03', 'F', '2345678901'),
(64, 'Bob', 'Brown', '1999-04-04', 'M', '3456789012'),
(65, 'Charlie', 'Davis', '2002-05-05', 'M', '4567890123'),
(66, 'Emily', 'Wilson', '2001-06-06', 'F', '5678901234'),
(67, 'Frank', 'Moore', '2000-07-07', 'M', '6789012345'),
(68, 'Grace', 'Taylor', '2002-08-08', 'F', '7890123456'),
(69, 'Henry', 'Anderson', '1999-09-09', 'M', '8901234567'),
(70, 'Ivy', 'Thomas', '2001-10-10', 'F', '9012345678'),
(71, 'John', 'Doe', '2000-01-01', 'M', '1234567890'),
(72, 'Jane', 'Smith', '2001-02-02', 'F', '0987654321'),
(73, 'Alice', 'Johnson', '2000-03-03', 'F', '2345678901'),
(74, 'Bob', 'Brown', '1999-04-04', 'M', '3456789012'),
(75, 'Charlie', 'Davis', '2002-05-05', 'M', '4567890123'),
(76, 'Emily', 'Wilson', '2001-06-06', 'F', '5678901234'),
(77, 'Frank', 'Moore', '2000-07-07', 'M', '6789012345'),
(78, 'Grace', 'Taylor', '2002-08-08', 'F', '7890123456'),
(79, 'Henry', 'Anderson', '1999-09-09', 'M', '8901234567'),
(80, 'Ivy', 'Thomas', '2001-10-10', 'F', '9012345678'),
(81, 'John', 'Doe', '2000-01-01', 'M', '1234567890'),
(82, 'Jane', 'Smith', '2001-02-02', 'F', '0987654321'),
(83, 'Alice', 'Johnson', '2000-03-03', 'F', '2345678901'),
(84, 'Bob', 'Brown', '1999-04-04', 'M', '3456789012'),
(85, 'Charlie', 'Davis', '2002-05-05', 'M', '4567890123'),
(86, 'Emily', 'Wilson', '2001-06-06', 'F', '5678901234'),
(87, 'Frank', 'Moore', '2000-07-07', 'M', '6789012345'),
(88, 'Grace', 'Taylor', '2002-08-08', 'F', '7890123456'),
(89, 'Henry', 'Anderson', '1999-09-09', 'M', '8901234567'),
(90, 'Ivy', 'Thomas', '2001-10-10', 'F', '9012345678'),
(91, 'John', 'Doe', '2000-01-01', 'M', '1234567890'),
(92, 'Jane', 'Smith', '2001-02-02', 'F', '0987654321'),
(93, 'Alice', 'Johnson', '2000-03-03', 'F', '2345678901'),
(94, 'Bob', 'Brown', '1999-04-04', 'M', '3456789012'),
(95, 'Charlie', 'Davis', '2002-05-05', 'M', '4567890123'),
(96, 'Emily', 'Wilson', '2001-06-06', 'F', '5678901234'),
(97, 'Frank', 'Moore', '2000-07-07', 'M', '6789012345'),
(98, 'Grace', 'Taylor', '2002-08-08', 'F', '7890123456'),
(99, 'Henry', 'Anderson', '1999-09-09', 'M', '8901234567'),
(100, 'Olivia', 'Robinson', '2000-12-12', 'F', '1234509876');


SELECT * from Courses;
--------------Courses-----------------------------------
-- Insert 100 records into the Courses table
INSERT INTO Courses (CourseID, CourseName, Credits) VALUES
(1, 'Introduction to Programming', 3),
(2, 'Data Structures', 4),
(3, 'Algorithms', 4),
(4, 'Database Management Systems', 3),
(5, 'Operating Systems', 4),
(6, 'Computer Networks', 3),
(7, 'Software Engineering', 3),
(8, 'Web Development', 3),
(9, 'Mobile App Development', 3),
(10, 'Artificial Intelligence', 4),
(11, 'Machine Learning', 4),
(12, 'Data Science', 3),
(13, 'Big Data Analytics', 3),
(14, 'Cyber Security', 3),
(15, 'Cloud Computing', 3),
(16, 'Internet of Things', 3),
(17, 'Human-Computer Interaction', 3),
(18, 'Computer Graphics', 3),
(19, 'Game Development', 3),
(20, 'Digital Signal Processing', 3),
(21, 'Introduction to Robotics', 3),
(22, 'Natural Language Processing', 3),
(23, 'Quantum Computing', 4),
(24, 'Ethical Hacking', 3),
(25, 'Blockchains and Cryptocurrencies', 3),
(26, 'Virtual Reality', 3),
(27, 'Augmented Reality', 3),
(28, 'Parallel Computing', 3),
(29, 'Computer Vision', 3),
(30, 'Compiler Design', 4),
(31, 'Embedded Systems', 3),
(32, 'Microprocessors and Microcontrollers', 3),
(33, 'Digital Electronics', 3),
(34, 'Analog Electronics', 3),
(35, 'Signals and Systems', 3),
(36, 'Wireless Communication', 3),
(37, 'Advanced Algorithms', 4),
(38, 'Advanced Data Structures', 4),
(39, 'Computational Geometry', 3),
(40, 'Bioinformatics', 3),
(41, 'Biomedical Engineering', 3),
(42, 'Neural Networks', 3),
(43, 'Pattern Recognition', 3),
(44, 'Reinforcement Learning', 3),
(45, 'Advanced Machine Learning', 4),
(46, 'Deep Learning', 4),
(47, 'Statistical Learning', 3),
(48, 'Predictive Modeling', 3),
(49, 'Exploratory Data Analysis', 3),
(50, 'Time Series Analysis', 3),
(51, 'Optimization Techniques', 3),
(52, 'Stochastic Processes', 3),
(53, 'Mathematical Modeling', 3),
(54, 'Linear Algebra', 3),
(55, 'Discrete Mathematics', 3),
(56, 'Numerical Methods', 3),
(57, 'Probability and Statistics', 3),
(58, 'Theory of Computation', 4),
(59, 'Information Theory', 3),
(60, 'Artificial Neural Networks', 3),
(61, 'Fuzzy Logic', 3),
(62, 'Genetic Algorithms', 3),
(63, 'Expert Systems', 3),
(64, 'Knowledge Representation', 3),
(65, 'Semantic Web', 3),
(66, 'Ontology Engineering', 3),
(67, 'Cognitive Computing', 3),
(68, 'Decision Support Systems', 3),
(69, 'Computer-Aided Design', 3),
(70, 'Computer-Aided Manufacturing', 3),
(71, 'Supply Chain Management', 3),
(72, 'Enterprise Resource Planning', 3),
(73, 'Customer Relationship Management', 3),
(74, 'Human Resource Management', 3),
(75, 'Financial Management', 3),
(76, 'Marketing Management', 3),
(77, 'Strategic Management', 3),
(78, 'Project Management', 3),
(79, 'Operations Management', 3),
(80, 'Business Intelligence', 3),
(81, 'Data Mining', 3),
(82, 'Predictive Analytics', 3),
(83, 'Business Analytics', 3),
(84, 'Management Information Systems', 3),
(85, 'E-Commerce', 3),
(86, 'Digital Marketing', 3),
(87, 'Social Media Analytics', 3),
(88, 'Content Management Systems', 3),
(89, 'Search Engine Optimization', 3),
(90, 'Product Management', 3),
(91, 'Innovation Management', 3),
(92, 'Technology Management', 3),
(93, 'Risk Management', 3),
(94, 'Quality Management', 3),
(95, 'Performance Management', 3),
(96, 'Change Management', 3),
(97, 'Leadership', 3),
(98, 'Organizational Behavior', 3),
(99, 'Corporate Governance', 3),
(100, 'Business Ethics', 3);

SELECT * from Instructors; 
--------------------------Instructors----------------------------------------------------
-- Insert 100 records into the Instructors table
INSERT INTO Instructors (InstructorID, FirstName, LastName, ContactNumber, Department) VALUES
(1, 'John', 'Doe', '1234567890', 'Computer Science'),
(2, 'Jane', 'Smith', '0987654321', 'Mathematics'),
(3, 'Alice', 'Johnson', '2345678901', 'Physics'),
(4, 'Bob', 'Brown', '3456789012', 'Chemistry'),
(5, 'Charlie', 'Davis', '4567890123', 'Biology'),
(6, 'Emily', 'Wilson', '5678901234', 'Economics'),
(7, 'Frank', 'Moore', '6789012345', 'History'),
(8, 'Grace', 'Taylor', '7890123456', 'Philosophy'),
(9, 'Henry', 'Anderson', '8901234567', 'Literature'),
(10, 'Ivy', 'Thomas', '9012345678', 'Linguistics'),
(11, 'Jack', 'White', '1234509876', 'Sociology'),
(12, 'Karen', 'Hall', '2345609875', 'Psychology'),
(13, 'Larry', 'Young', '3456709874', 'Political Science'),
(14, 'Megan', 'King', '4567809873', 'Anthropology'),
(15, 'Nancy', 'Wright', '5678909872', 'Art'),
(16, 'Oscar', 'Lopez', '6789009871', 'Music'),
(17, 'Paul', 'Hill', '7890109870', 'Theater'),
(18, 'Rachel', 'Scott', '8901209869', 'Film Studies'),
(19, 'Sam', 'Green', '9012309868', 'Environmental Science'),
(20, 'Tina', 'Adams', '1234501234', 'Geography'),
(21, 'Uma', 'Nelson', '2345601233', 'Geology'),
(22, 'Victor', 'Baker', '3456701232', 'Astronomy'),
(23, 'Wendy', 'Carter', '4567801231', 'Statistics'),
(24, 'Xander', 'Mitchell', '5678901230', 'Engineering'),
(25, 'Yvonne', 'Perez', '6789001229', 'Business Administration'),
(26, 'Zach', 'Roberts', '7890101228', 'Marketing'),
(27, 'Alan', 'Turner', '8901201227', 'Finance'),
(28, 'Betty', 'Phillips', '9012301226', 'Accounting'),
(29, 'Carl', 'Campbell', '1234501122', 'Management'),
(30, 'Diana', 'Parker', '2345601121', 'Information Systems'),
(31, 'Ethan', 'Evans', '3456701120', 'Law'),
(32, 'Fiona', 'Edwards', '4567801119', 'Criminology'),
(33, 'George', 'Collins', '5678901118', 'Nursing'),
(34, 'Hannah', 'Stewart', '6789001117', 'Pharmacy'),
(35, 'Isaac', 'Sanchez', '7890101116', 'Education'),
(36, 'Julia', 'Morris', '8901201115', 'Library Science'),
(37, 'Kyle', 'Rogers', '9012301114', 'Public Health'),
(38, 'Laura', 'Reed', '1234501102', 'Dentistry'),
(39, 'Michael', 'Cook', '2345601101', 'Veterinary Science'),
(40, 'Nina', 'Bell', '3456701100', 'Agriculture'),
(41, 'Olivia', 'Murphy', '4567801099', 'Architecture'),
(42, 'Peter', 'Bailey', '5678901098', 'Urban Planning'),
(43, 'Quincy', 'Jenkins', '6789001097', 'Forestry'),
(44, 'Rebecca', 'Cox', '7890101096', 'Horticulture'),
(45, 'Steve', 'Ward', '8901201095', 'Fashion Design'),
(46, 'Tara', 'Morgan', '9012301094', 'Interior Design'),
(47, 'Umar', 'Peterson', '1234501083', 'Graphic Design'),
(48, 'Vera', 'Gray', '2345601082', 'Animation'),
(49, 'Walter', 'James', '3456701081', 'Journalism'),
(50, 'Xenia', 'Watson', '4567801080', 'Communications'),
(51, 'Yusuf', 'Brooks', '5678901079', 'Public Relations'),
(52, 'Zoe', 'Kelly', '6789001078', 'Advertising'),
(53, 'Abel', 'Sanders', '7890101077', 'Hospitality Management'),
(54, 'Bella', 'Price', '8901201076', 'Tourism Management'),
(55, 'Chris', 'Bennett', '9012301075', 'Event Management'),
(56, 'Dana', 'Wood', '1234501064', 'Sports Management'),
(57, 'Eli', 'Barnes', '2345601063', 'Kinesiology'),
(58, 'Faith', 'Ross', '3456701062', 'Physical Education'),
(59, 'Gavin', 'Henderson', '4567801061', 'Occupational Therapy'),
(60, 'Hazel', 'Cole', '5678901060', 'Physical Therapy'),
(61, 'Ian', 'Richardson', '6789001059', 'Speech-Language Pathology'),
(62, 'Jade', 'Howard', '7890101058', 'Audiology'),
(63, 'Ken', 'Griffin', '8901201057', 'Social Work'),
(64, 'Lara', 'Cruz', '9012301056', 'Human Services'),
(65, 'Mason', 'Ortiz', '1234501045', 'Nonprofit Management'),
(66, 'Nora', 'Nguyen', '2345601044', 'Public Administration'),
(67, 'Omar', 'Gonzalez', '3456701043', 'International Relations'),
(68, 'Paula', 'Simmons', '4567801042', 'Political Economy'),
(69, 'Ralph', 'Foster', '5678901041', 'Development Studies'),
(70, 'Sara', 'Bryant', '6789001040', 'Peace and Conflict Studies'),
(71, 'Tony', 'Alexander', '7890101039', 'Defense Studies'),
(72, 'Ursula', 'Russell', '8901201038', 'Intelligence Studies'),
(73, 'Victor', 'Griffith', '9012301037', 'Strategic Studies'),
(74, 'Willa', 'Hayes', '1234501026', 'Emergency Management'),
(75, 'Xavier', 'Myers', '2345601025', 'Disaster Science'),
(76, 'Yara', 'Ford', '3456701024', 'Risk Analysis'),
(77, 'Zane', 'Hamilton', '4567801023', 'Resilience Studies'),
(78, 'Aiden', 'Graham', '5678901022', 'Homeland Security'),
(79, 'Brianna', 'Sullivan', '6789001021', 'Cybersecurity'),
(80, 'Caleb', 'Wallace', '7890101020', 'Forensics'),
(81, 'Daisy', 'Coleman', '8901201019', 'Criminal Justice'),
(82, 'Evan', 'Harper', '9012301018', 'Law Enforcement'),
(83, 'Faye', 'Stevens', '1234501007', 'Corrections'),
(84, 'Gabe', 'Ward', '2345601006', 'Fire Science'),
(85, 'Holly', 'Reynolds', '3456701005', 'Paramedicine'),
(86, 'Iris', 'Ferguson', '4567801004', 'Health Science'),
(87, 'Jake', 'Ellis', '5678901003', 'Healthcare Administration'),
(88, 'Kate', 'Hicks', '6789001002', 'Health Information Management'),
(89, 'Leo', 'Owens', '7890101001', 'Biomedical Informatics'),
(90, 'Mia', 'Hunter', '8901201000', 'Bioengineering'),
(91, 'Nina', 'Reese', '9012300999', 'Genetics'),
(92, 'Owen', 'Morales', '1234500888', 'Biochemistry'),
(93, 'Piper', 'Shaw', '2345600887', 'Molecular Biology'),
(94, 'Quinn', 'Kim', '3456700886', 'Cell Biology'),
(95, 'Riley', 'Chavez', '4567800885', 'Ecology'),
(96, 'Sawyer', 'Ramirez', '5678900884', 'Evolutionary Biology'),
(97, 'Tessa', 'Gomez', '6789000883', 'Marine'),
(98, 'Holly', 'Reynolds', '3456701005', 'Paramedicine'),
(99, 'Iris', 'Ferguson', '4567801004', 'Health Science'),
(100, 'Jake', 'Ellis', '5678901003', 'Healthcare Administration');



SELECT * from Enrollments;
------------------------#Enrollments---------------------------------------------------------
-- Insert 100 records into the Enrollments table
INSERT INTO Enrollments (EnrollmentID, StudentID, CourseID, EnrollmentDate, Grade) VALUES
(1, 1, 1, '2023-01-15', 'A'),
(2, 2, 2, '2023-01-16', 'B'),
(3, 3, 3, '2023-01-17', 'A'),
(4, 4, 4, '2023-01-18', 'C'),
(5, 5, 5, '2023-01-19', 'B'),
(6, 6, 6, '2023-01-20', 'A'),
(7, 7, 7, '2023-01-21', 'C'),
(8, 8, 8, '2023-01-22', 'B'),
(9, 9, 9, '2023-01-23', 'A'),
(10, 10, 10, '2023-01-24', 'A'),
(11, 11, 11, '2023-01-25', 'B'),
(12, 12, 12, '2023-01-26', 'C'),
(13, 13, 13, '2023-01-27', 'A'),
(14, 14, 14, '2023-01-28', 'B'),
(15, 15, 15, '2023-01-29', 'C'),
(16, 16, 16, '2023-01-30', 'A'),
(17, 17, 17, '2023-01-31', 'B'),
(18, 18, 18, '2023-02-01', 'A'),
(19, 19, 19, '2023-02-02', 'C'),
(20, 20, 20, '2023-02-03', 'B'),
(21, 21, 21, '2023-02-04', 'A'),
(22, 22, 22, '2023-02-05', 'C'),
(23, 23, 23, '2023-02-06', 'B'),
(24, 24, 24, '2023-02-07', 'A'),
(25, 25, 25, '2023-02-08', 'A'),
(26, 26, 26, '2023-02-09', 'B'),
(27, 27, 27, '2023-02-10', 'C'),
(28, 28, 28, '2023-02-11', 'A'),
(29, 29, 29, '2023-02-12', 'B'),
(30, 30, 30, '2023-02-13', 'C'),
(31, 31, 31, '2023-02-14', 'A'),
(32, 32, 32, '2023-02-15', 'B'),
(33, 33, 33, '2023-02-16', 'A'),
(34, 34, 34, '2023-02-17', 'C'),
(35, 35, 35, '2023-02-18', 'B'),
(36, 36, 36, '2023-02-19', 'A'),
(37, 37, 37, '2023-02-20', 'C'),
(38, 38, 38, '2023-02-21', 'B'),
(39, 39, 39, '2023-02-22', 'A'),
(40, 40, 40, '2023-02-23', 'A'),
(41, 41, 41, '2023-02-24', 'B'),
(42, 42, 42, '2023-02-25', 'C'),
(43, 43, 43, '2023-02-26', 'A'),
(44, 44, 44, '2023-02-27', 'B'),
(45, 45, 45, '2023-02-28', 'C'),
(46, 46, 46, '2023-03-01', 'A'),
(47, 47, 47, '2023-03-02', 'B'),
(48, 48, 48, '2023-03-03', 'A'),
(49, 49, 49, '2023-03-04', 'C'),
(50, 50, 50, '2023-03-05', 'B'),
(51, 51, 51, '2023-03-06', 'A'),
(52, 52, 52, '2023-03-07', 'C'),
(53, 53, 53, '2023-03-08', 'B'),
(54, 54, 54, '2023-03-09', 'A'),
(55, 55, 55, '2023-03-10', 'A'),
(56, 56, 56, '2023-03-11', 'B'),
(57, 57, 57, '2023-03-12', 'C'),
(58, 58, 58, '2023-03-13', 'A'),
(59, 59, 59, '2023-03-14', 'B'),
(60, 60, 60, '2023-03-15', 'C'),
(61, 61, 61, '2023-03-16', 'A'),
(62, 62, 62, '2023-03-17', 'B'),
(63, 63, 63, '2023-03-18', 'A'),
(64, 64, 64, '2023-03-19', 'C'),
(65, 65, 65, '2023-03-20', 'B'),
(66, 66, 66, '2023-03-21', 'A'),
(67, 67, 67, '2023-03-22', 'C'),
(68, 68, 68, '2023-03-23', 'B'),
(69, 69, 69, '2023-03-24', 'A'),
(70, 70, 70, '2023-03-25', 'A'),
(71, 71, 71, '2023-03-26', 'B'),
(72, 72, 72, '2023-03-27', 'C'),
(73, 73, 73, '2023-03-28', 'A'),
(74, 74, 74, '2023-03-29', 'B'),
(75, 75, 75, '2023-03-30', 'C'),
(76, 76, 76, '2023-03-31', 'A'),
(77, 77, 77, '2023-04-01', 'B'),
(78, 78, 78, '2023-04-02', 'A'),
(79, 79, 79, '2023-04-03', 'C'),
(80, 80, 80, '2023-04-04', 'B'),
(81, 81, 81, '2023-04-05', 'A'),
(82, 82, 82, '2023-04-06', 'C'),
(83, 83, 83, '2023-04-07', 'B'),
(84, 84, 84, '2023-04-08', 'A'),
(85, 85, 85, '2023-04-09', 'A'),
(86, 86, 86, '2023-04-10', 'B'),
(87, 87, 87, '2023-04-11', 'C'),
(88, 88, 88, '2023-04-12', 'A'),
(89, 89, 89, '2023-04-13', 'B'),
(90, 90, 90, '2023-04-14', 'C'),
(91, 91, 91, '2023-04-15', 'A'),
(92, 92, 92, '2023-04-16', 'B'),
(93, 93, 93, '2023-04-17', 'A'),
(94, 94, 94, '2023-04-18', 'C'),
(95, 95, 95, '2023-04-19', 'B'),
(96, 96, 96, '2023-04-20', 'A'),
(97, 97, 97, '2023-04-21', 'C'),
(98, 98, 98, '2023-04-22', 'B'),
(99, 99, 99, '2023-04-23', 'A'),
(100,100,100,'2023-04-24', 'B');


SELECT * from Assignments;
------------------#Assignments------------------------------------------------------------

-- Insert 100 records into the Assignments table
INSERT INTO Assignments (AssignmentID, ClassID, Title, Description, DueDate) VALUES
(1, 1, 'Assignment 1', 'Description for Assignment 1', '2024-06-15'),
(2, 2, 'Assignment 2', 'Description for Assignment 2', '2024-06-16'),
(3, 3, 'Assignment 3', 'Description for Assignment 3', '2024-06-17'),
(4, 4, 'Assignment 4', 'Description for Assignment 4', '2024-06-18'),
(5, 5, 'Assignment 5', 'Description for Assignment 5', '2024-06-19'),
(6, 6, 'Assignment 6', 'Description for Assignment 6', '2024-06-20'),
(7, 7, 'Assignment 7', 'Description for Assignment 7', '2024-06-21'),
(8, 8, 'Assignment 8', 'Description for Assignment 8', '2024-06-22'),
(9, 9, 'Assignment 9', 'Description for Assignment 9', '2024-06-23'),
(10, 10, 'Assignment 10', 'Description for Assignment 10', '2024-06-24'),
(11, 11, 'Assignment 11', 'Description for Assignment 11', '2024-06-25'),
(12, 12, 'Assignment 12', 'Description for Assignment 12', '2024-06-26'),
(13, 13, 'Assignment 13', 'Description for Assignment 13', '2024-06-27'),
(14, 14, 'Assignment 14', 'Description for Assignment 14', '2024-06-28'),
(15, 15, 'Assignment 15', 'Description for Assignment 15', '2024-06-29'),
(16, 16, 'Assignment 16', 'Description for Assignment 16', '2024-06-30'),
(17, 17, 'Assignment 17', 'Description for Assignment 17', '2024-07-01'),
(18, 18, 'Assignment 18', 'Description for Assignment 18', '2024-07-02'),
(19, 19, 'Assignment 19', 'Description for Assignment 19', '2024-07-03'),
(20, 20, 'Assignment 20', 'Description for Assignment 20', '2024-07-04'),
(21, 21, 'Assignment 21', 'Description for Assignment 21', '2024-07-05'),
(22, 22, 'Assignment 22', 'Description for Assignment 22', '2024-07-06'),
(23, 23, 'Assignment 23', 'Description for Assignment 23', '2024-07-07'),
(24, 24, 'Assignment 24', 'Description for Assignment 24', '2024-07-08'),
(25, 25, 'Assignment 25', 'Description for Assignment 25', '2024-07-09'),
(26, 26, 'Assignment 26', 'Description for Assignment 26', '2024-07-10'),
(27, 27, 'Assignment 27', 'Description for Assignment 27', '2024-07-11'),
(28, 28, 'Assignment 28', 'Description for Assignment 28', '2024-07-12'),
(29, 29, 'Assignment 29', 'Description for Assignment 29', '2024-07-13'),
(30, 30, 'Assignment 30', 'Description for Assignment 30', '2024-07-14'),
(31, 31, 'Assignment 31', 'Description for Assignment 31', '2024-07-15'),
(32, 32, 'Assignment 32', 'Description for Assignment 32', '2024-07-16'),
(33, 33, 'Assignment 33', 'Description for Assignment 33', '2024-07-17'),
(34, 34, 'Assignment 34', 'Description for Assignment 34', '2024-07-18'),
(35, 35, 'Assignment 35', 'Description for Assignment 35', '2024-07-19'),
(36, 36, 'Assignment 36', 'Description for Assignment 36', '2024-07-20'),
(37, 37, 'Assignment 37', 'Description for Assignment 37', '2024-07-21'),
(38, 38, 'Assignment 38', 'Description for Assignment 38', '2024-07-22'),
(39, 39, 'Assignment 39', 'Description for Assignment 39', '2024-07-23'),
(40, 40, 'Assignment 40', 'Description for Assignment 40', '2024-07-24'),
(41, 41, 'Assignment 41', 'Description for Assignment 41', '2024-07-25'),
(42, 42, 'Assignment 42', 'Description for Assignment 42', '2024-07-26'),
(43, 43, 'Assignment 43', 'Description for Assignment 43', '2024-07-27'),
(44, 44, 'Assignment 44', 'Description for Assignment 44', '2024-07-28'),
(45, 45, 'Assignment 45', 'Description for Assignment 45', '2024-07-29'),
(46, 46, 'Assignment 46', 'Description for Assignment 46', '2024-07-30'),
(47, 47, 'Assignment 47', 'Description for Assignment 47', '2024-07-31'),
(48, 48, 'Assignment 48', 'Description for Assignment 48', '2024-08-01'),
(49, 49, 'Assignment 49', 'Description for Assignment 49', '2024-08-02'),
(50, 50, 'Assignment 50', 'Description for Assignment 50', '2024-08-03'),
(51, 51, 'Assignment 51', 'Description for Assignment 51', '2024-08-04'),
(52, 52, 'Assignment 52', 'Description for Assignment 52', '2024-08-05'),
(53, 53, 'Assignment 53', 'Description for Assignment 53', '2024-08-06'),
(54, 54, 'Assignment 54', 'Description for Assignment 54', '2024-08-07'),
(55, 55, 'Assignment 55', 'Description for Assignment 55', '2024-08-08'),
(56, 56, 'Assignment 1', 'Description for Assignment 1', '2023-09-01'),
(57, 57, 'Assignment 2', 'Description for Assignment 2', '2023-09-08'),
(58, 58, 'Assignment 3', 'Description for Assignment 3', '2023-09-15'),
(4, 55, 'Assignment 1', 'Description for Assignment 1', '2023-09-02'),
(5, 2, 'Assignment 2', 'Description for Assignment 2', '2023-09-09'),
(6, 2, 'Assignment 3', 'Description for Assignment 3', '2023-09-16'),
(7, 3, 'Assignment 1', 'Description for Assignment 1', '2023-09-03'),
(8, 3, 'Assignment 2', 'Description for Assignment 2', '2023-09-10'),
(9, 3, 'Assignment 3', 'Description for Assignment 3', '2023-09-17'),
(10, 4, 'Assignment 1', 'Description for Assignment 1', '2023-09-04'),
(11, 4, 'Assignment 2', 'Description for Assignment 2', '2023-09-11'),
(12, 4, 'Assignment 3', 'Description for Assignment 3', '2023-09-18'),
(13, 5, 'Assignment 1', 'Description for Assignment 1', '2023-09-05'),
(14, 5, 'Assignment 2', 'Description for Assignment 2', '2023-09-12'),
(15, 5, 'Assignment 3', 'Description for Assignment 3', '2023-09-19'),
(16, 6, 'Assignment 1', 'Description for Assignment 1', '2023-09-06'),
(17, 6, 'Assignment 2', 'Description for Assignment 2', '2023-09-13'),
(18, 6, 'Assignment 3', 'Description for Assignment 3', '2023-09-20'),
(19, 7, 'Assignment 1', 'Description for Assignment 1', '2023-09-07'),
(20, 7, 'Assignment 2', 'Description for Assignment 2', '2023-09-14'),
(21, 7, 'Assignment 3', 'Description for Assignment 3', '2023-09-21'),
(22, 8, 'Assignment 1', 'Description for Assignment 1', '2023-09-08'),
(23, 8, 'Assignment 2', 'Description for Assignment 2', '2023-09-15'),
(24, 8, 'Assignment 3', 'Description for Assignment 3', '2023-09-22'),
(25, 9, 'Assignment 1', 'Description for Assignment 1', '2023-09-09'),
(26, 9, 'Assignment 2', 'Description for Assignment 2', '2023-09-16'),
(27, 9, 'Assignment 3', 'Description for Assignment 3', '2023-09-23'),
(28, 10, 'Assignment 1', 'Description for Assignment 1', '2023-09-10'),
(29, 10, 'Assignment 2', 'Description for Assignment 2', '2023-09-17'),
(30, 10, 'Assignment 3', 'Description for Assignment 3', '2023-09-24'),
(31, 11, 'Assignment 1', 'Description for Assignment 1', '2023-09-11'),
(32, 11, 'Assignment 2', 'Description for Assignment 2', '2023-09-18'),
(33, 11, 'Assignment 3', 'Description for Assignment 3', '2023-09-25'),
(34, 12, 'Assignment 1', 'Description for Assignment 1', '2023-09-12'),
(35, 12, 'Assignment 2', 'Description for Assignment 2', '2023-09-19'),
(36, 12, 'Assignment 3', 'Description for Assignment 3', '2023-09-26'),
(37, 13, 'Assignment 1', 'Description for Assignment 1', '2023-09-13'),
(38, 13, 'Assignment 2', 'Description for Assignment 2', '2023-09-20'),
(39, 13, 'Assignment 3', 'Description for Assignment 3', '2023-09-27'),
(40, 14, 'Assignment 1', 'Description for Assignment 1', '2023-09-14'),
(41, 14, 'Assignment 2', 'Description for Assignment 2', '2023-09-21'),
(42, 14, 'Assignment 3', 'Description for Assignment 3', '2023-09-28'),
(43, 15, 'Assignment 1', 'Description for Assignment 1', '2023-09-15'),
(44, 15, 'Assignment 2', 'Description for Assignment 2', '2023-09-22'),
(100, 15, 'Assignment 3', 'Description for Assignment 3', '2023-09-29');

-----------------------------THE END--------------------------------------
